user_id,address_id,area_id,city_id,country_id,hash,email,pass
15874515,25665765,12904,341,3,06a289780a424d469981dc622786eba3,test_user_ar_1001@testpedidosya.com,P1ssword15874515
15874516,25665766,15573,140,3,81c2e9b33c334dc3bce7daf8cfede4ff,test_user_ar_1002@testpedidosya.com,P1ssword15874516
15874517,25665767,21584,476,3,e24cad5c7cb04b4e91a2bc07ab02a236,test_user_ar_1003@testpedidosya.com,P1ssword15874517
15874518,25665768,16062,49,3,16866705797a4dea9838cdbbde7871a5,test_user_ar_1004@testpedidosya.com,P1ssword15874518
15874519,25665769,33237,486,3,4f2b9c2edb5543d7be473167d0cc8b26,test_user_ar_1005@testpedidosya.com,P1ssword15874519
15874520,25665770,14617,128,3,0e9b4c542c234a8c8a6bed78c6e17f1e,test_user_ar_1006@testpedidosya.com,P1ssword15874520
15874521,25665771,13929,71,3,24b50841751543308ea1ff780c59d13c,test_user_ar_1007@testpedidosya.com,P1ssword15874521
15874522,25665772,15584,172,3,c50bae6719904ddab71b0be694e59c9b,test_user_ar_1008@testpedidosya.com,P1ssword15874522
15874523,25665773,323,68,3,bd47ce8592f940e3843d8ad08ec0297d,test_user_ar_1009@testpedidosya.com,P1ssword15874523
15873608,25664861,16435,62,3,d433e122c5b7491392301b53d864fe94,test_user_ar_100@testpedidosya.com,P1ssword15873608
15874524,25665774,21414,417,3,29db816ed0624e0cac1e8464724ddfc8,test_user_ar_1010@testpedidosya.com,P1ssword15874524
15874525,25665775,18947,3,3,9c17ae9282b949b3b9fb7bf2ea90f6b5,test_user_ar_1011@testpedidosya.com,P1ssword15874525
15874526,25665776,20896,407,3,6c2ff7e78ae64508a4d8b90c33b03041,test_user_ar_1012@testpedidosya.com,P1ssword15874526
15874527,25665777,18753,3,3,bc90aafc15ec454abd94f23cfd412f5a,test_user_ar_1013@testpedidosya.com,P1ssword15874527
15874528,25665778,21484,417,3,f6c95b43901a4d18984eddb871775744,test_user_ar_1014@testpedidosya.com,P1ssword15874528